<?xml version="1.0" encoding="utf-8" ?>
<aqx>
    <data>
        <county>宜蘭縣</county>
        <Site>冬山</Site>
        <PM25>14</PM25>
    </data>
    <data>
        <county>嘉義市</county>
        <Site>嘉義</Site>
        <PM25>39</PM25>
    </data>
    <data>
        <county>臺南市</county>
        <Site>新營</Site>
        <PM25>31</PM25>
    </data>
    <data>
        <county>高雄市</county>
        <Site>大寮</Site>
        <PM25>23</PM25>
    </data>
    <data>
        <county>屏東縣</county>
        <Site>屏東</Site>
        <PM25>22</PM25>
    </data>
    <data>
        <county>新北市</county>
        <Site>萬里</Site>
        <PM25>15</PM25>
    </data>
    <data>
        <county>臺北市</county>
        <Site>士林</Site>
        <PM25>12</PM25>
    </data>
    <data>
        <county>苗栗縣</county>
        <Site>頭份</Site>
        <PM25>33</PM25>
    </data>
    <data>
        <county>臺中市</county>
        <Site>大里</Site>
        <PM25>35</PM25>
    </data>
    <data>
        <county>彰化縣</county>
        <Site>線西</Site>
        <PM25>32</PM25>
    </data>
    <data>
        <county>雲林縣</county>
        <Site>崙背</Site>
        <PM25>26</PM25>
    </data>
    <data>
        <county>嘉義縣</county>
        <Site>新港</Site>
        <PM25>27</PM25>
    </data>
    <data>
        <county>南投縣</county>
        <Site>埔里</Site>
        <PM25>39</PM25>
    </data>
    <data>
        <county>連江縣</county>
        <Site>馬祖</Site>
        <PM25>19</PM25>
    </data>
    <data>
        <county>金門縣</county>
        <Site>金門</Site>
        <PM25>21</PM25>
    </data>
    <data>
        <county>臺東縣</county>
        <Site>臺東</Site>
        <PM25>17</PM25>
    </data>
    <data>
        <county>花蓮縣</county>
        <Site>花蓮</Site>
        <PM25>11</PM25>
    </data>
    <data>
        <county>桃園市</county>
        <Site>龍潭</Site>
        <PM25>17</PM25>
    </data>
    <data>
        <county>新竹縣</county>
        <Site>湖口</Site>
        <PM25>19</PM25>
    </data>
    <data>
        <county>澎湖縣</county>
        <Site>馬公</Site>
        <PM25>25</PM25>
    </data>
    <data>
        <county>新竹市</county>
        <Site>新竹</Site>
        <PM25>14</PM25>
    </data>
    <data>
        <county>基隆市</county>
        <Site>基隆</Site>
        <PM25>11</PM25>
    </data>
</aqx>